Technology,,,,,,,,,,,,,,,,,,,,,,,,,,,,,,,
,,,,,,,,,,,,,,,,,,,,,,,,,,,,,,,
Microsoft,,,,Tesla,,,,NVIDIA,,,,Apple,,,,,,,,,,,,,,,,,,,
,,,,,,,,,,,,,,,,,,,,,,,,,,,,,,,
Date,Adj Close ,,,Date,Adj Close ,,,Date,Adj Close ,,,Date,Adj Close ,,,,,,,,,,,,,,,,,,
1-May-26,414.44,,,1-May-26,390.82,,,1-May-26,198.45,,,1-May-26,280.14,,,,,,,,,,,,,,,,,,
1-Apr-26,407.78,,,1-Apr-26,381.63,,,1-Apr-26,199.57,,,1-Apr-26,271.35,,,,,,,,,,,,,,,,,,
1-Mar-26,370.17,,,1-Mar-26,371.75,,,1-Mar-26,174.39,,,1-Mar-26,253.79,,,,,,,,,,,,,,,,,,
1-Feb-26,391.85,,,1-Feb-26,402.51,,,1-Feb-26,177.18,,,1-Feb-26,263.93,,,,,,,,,,,,,,,,,,
1-Jan-26,429.31,,,1-Jan-26,430.41,,,1-Jan-26,191.12,,,1-Jan-26,259.24,,,,,,,,,,,,,,,,,,
1-Dec-25,482.52,,,1-Dec-25,449.72,,,1-Dec-25,186.48,,,1-Dec-25,271.61,,,,,,,,,,,,,,,,,,
1-Nov-25,489.97,,,1-Nov-25,430.17,,,1-Nov-25,176.98,,,1-Nov-25,278.32,,,,,,,,,,,,,,,,,,
1-Oct-25,515.67,,,1-Oct-25,456.56,,,1-Oct-25,202.47,,,1-Oct-25,269.86,,,,,,,,,,,,,,,,,,
1-Sep-25,515.81,,,1-Sep-25,444.72,,,1-Sep-25,186.55,,,1-Sep-25,254.15,,,,,,,,,,,,,,,,,,
1-Aug-25,503.76,,,1-Aug-25,333.87,,,1-Aug-25,174.15,,,1-Aug-25,231.44,,,,,,,,,,,,,,,,,,
1-Jul-25,530.42,,,1-Jul-25,308.27,,,1-Jul-25,177.84,,,1-Jul-25,206.94,,,,,,,,,,,,,,,,,,
1-Jun-25,494.54,,,1-Jun-25,317.66,,,1-Jun-25,157.95,,,1-Jun-25,204.55,,,,,,,,,,,,,,,,,,
,,,,,,,,,,,,,,,,,,,,,,,,,,,,,,,
,,,,,,,,,,,,,,,,,,,,,,,,,,,,,,,
,,,,,,,,,,,,,,,,,,,,,,,,,,,,,,,
,,,,,,,,,,,,,,,,,,,,,,,,,,,,,,,
,,,,,,,,,,,,,,,,,,,,,,,,,,,,,,,
FINANCE,,,,,,,,,,,,,,,,,,,,,,,,,,,,,,,
,,,,,,,,,,,,,,,,,,,,,,,,,,,,,,,
JPM,,,,GS,,,,Visa,,,,Bank of America,,,,,,,,,,,,,,,,,,,
,,,,,,,,,,,,,,,,,,,,,,,,,,,,,,,
Date,Adj Close ,,,Date,Adj Close ,,,Date,Adj Close ,,,Date,Adj Close ,,,,,,,,,,,,,,,,,,
1-May-26,312.47,,,1-May-26,923.71,,,1-May-26,328.03,,,1-May-26,53.24,,,,,,,,,,,,,,,,,,
1-Apr-26,311.64,,,1-Apr-26,923.77,,,1-Apr-26,329.84,,,1-Apr-26,53.46,,,,,,,,,,,,,,,,,,
1-Mar-26,292.66,,,1-Mar-26,841.56,,,1-Mar-26,302.24,,,1-Mar-26,48.48,,,,,,,,,,,,,,,,,,
1-Feb-26,298.77,,,1-Feb-26,855.07,,,1-Feb-26,319.48,,,1-Feb-26,49.55,,,,,,,,,,,,,,,,,,
1-Jan-26,302.97,,,1-Jan-26,930.51,,,1-Jan-26,321.17,,,1-Jan-26,52.9,,,,,,,,,,,,,,,,,,
1-Dec-25,319.14,,,1-Dec-25,870.08,,,1-Dec-25,349.99,,,1-Dec-25,54.41,,,,,,,,,,,,,,,,,,
1-Nov-25,310.09,,,1-Nov-25,817.66,,,1-Nov-25,333.09,,,1-Nov-25,53.07,,,,,,,,,,,,,,,,,,
1-Oct-25,306.66,,,1-Oct-25,781.36,,,1-Oct-25,339.37,,,1-Oct-25,52.87,,,,,,,,,,,,,,,,,,
1-Sep-25,310.9,,,1-Sep-25,788.27,,,1-Sep-25,340,,,1-Sep-25,50.75,,,,,,,,,,,,,,,,,,
1-Aug-25,297.09,,,1-Aug-25,733.76,,,1-Aug-25,349.75,,,1-Aug-25,49.92,,,,,,,,,,,,,,,,,,
1-Jul-25,290.59,,,1-Jul-25,712.44,,,1-Jul-25,343.47,,,1-Jul-25,46.5,,,,,,,,,,,,,,,,,,
1-Jun-25,284.38,,,1-Jun-25,696.84,,,1-Jun-25,353,,,1-Jun-25,46.28,,,,,,,,,,,,,,,,,,
,,,,,,,,,,,,,,,,,,,,,,,,,,,,,,,
,,,,,,,,,,,,,,,,,,,,,,,,,,,,,,,
,,,,,,,,,,,,,,,,,,,,,,,,,,,,,,,
,,,,,,,,,,,,,,,,,,,,,,,,,,,,,,,
,,,,,,,,,,,,,,,,,,,,,,,,,,,,,,,
ENERGY,,,,,,,,,,,,,,,,,,,,,,,,,,,,,,,
,,,,,,,,,,,,,,,,,,,,,,,,,,,,,,,
EXXOM MOBIL,,,,Quanta,,,,Caterpillar,,,,Chevron Corporation,,,,,,,,,,,,,,,,,,,
,,,,,,,,,,,,,,,,,,,,,,,,,,,,,,,
Date,Adj Close ,,,Date,Adj Close ,,,Date,Adj Close ,,,Date,Adj Close ,,,,,,,,,,,,,,,,,,
1-May-26,152.75,,,1-May-26,742.21,,,1-May-26,889.67,,,1-May-26,190.63,,,,,,,,,,,,,,,,,,
1-Apr-26,154.33,,,1-Apr-26,727.63,,,1-Apr-26,888.42,,,1-Apr-26,193.31,,,,,,,,,,,,,,,,,,
1-Mar-26,169.66,,,1-Mar-26,548.91,,,1-Mar-26,707.11,,,1-Mar-26,206.9,,,,,,,,,,,,,,,,,,
1-Feb-26,151.49,,,1-Feb-26,562.97,,,1-Feb-26,741.42,,,1-Feb-26,184.95,,,,,,,,,,,,,,,,,,
1-Jan-26,140.46,,,1-Jan-26,474.41,,,1-Jan-26,654.58,,,1-Jan-26,175.19,,,,,,,,,,,,,,,,,,
1-Dec-25,119.54,,,1-Dec-25,421.87,,,1-Dec-25,570.45,,,1-Dec-25,150.93,,,,,,,,,,,,,,,,,,
1-Nov-25,114.15,,,1-Nov-25,464.67,,,1-Nov-25,573.32,,,1-Nov-25,148.01,,,,,,,,,,,,,,,,,,
1-Oct-25,112.62,,,1-Oct-25,448.82,,,1-Oct-25,573.17,,,1-Oct-25,154.47,,,,,,,,,,,,,,,,,,
1-Sep-25,111.03,,,1-Sep-25,414.13,,,1-Sep-25,473.77,,,1-Sep-25,152.09,,,,,,,,,,,,,,,,,,
1-Aug-25,111.51,,,1-Aug-25,377.7,,,1-Aug-25,416.07,,,1-Aug-25,155.56,,,,,,,,,,,,,,,,,,
1-Jul-25,108.93,,,1-Jul-25,405.74,,,1-Jul-25,433.33,,,1-Jul-25,146.88,,,,,,,,,,,,,,,,,,
1-Jun-25,105.18,,,1-Jun-25,377.72,,,1-Jun-25,384.05,,,1-Jun-25,138.69,,,,,,,,,,,,,,,,,,
,,,,,,,,,,,,,,,,,,,,,,,,,,,,,,,
,,,,,,,,,,,,,,,,,,,,,,,,,,,,,,,
,,,,,,,,,,,,,,,,,,,,,,,,,,,,,,,
,,,,,,,,,,,,,,,,,,,,,,,,,,,,,,,
,,,,,,,,,,,,,,,,,,,,,,,,,,,,,,,
MANUFACTURING,,,,,,,,,,,,,,,,,,,,,,,,,,,,,,,
,,,,,,,,,,,,,,,,,,,,,,,,,,,,,,,
Boeing,,,,Alibaba,,,,General Electric,,,,GENERAL MOTORS COMPANY,,,,,,,,,,,,,,,,,,,
,,,,,,,,,,,,,,,,,,,,,,,,,,,,,,,
Date,Adj Close ,,,Date,Adj Close ,,,Date,Adj Close ,,,Date,Adj Close ,,,,,,,,,,,,,,,,,,
1-May-26,227.38,,,1-May-26,131.5,,,1-May-26,286.51,,,1-May-26,75.77,,,,,,,,,,,,,,,,,,
1-Apr-26,229.03,,,1-Apr-26,131.88,,,1-Apr-26,289.93,,,1-Apr-26,76.89,,,,,,,,,,,,,,,,,,
1-Mar-26,199.03,,,1-Mar-26,125.46,,,1-Mar-26,283.36,,,1-Mar-26,74.32,,,,,,,,,,,,,,,,,,
1-Feb-26,227.53,,,1-Feb-26,144.11,,,1-Feb-26,341.76,,,1-Feb-26,78.52,,,,,,,,,,,,,,,,,,
1-Jan-26,233.72,,,1-Jan-26,169.56,,,1-Jan-26,306.34,,,1-Jan-26,83.8,,,,,,,,,,,,,,,,,,
1-Dec-25,217.12,,,1-Dec-25,146.58,,,1-Dec-25,307.23,,,1-Dec-25,80.97,,,,,,,,,,,,,,,,,,
1-Nov-25,189,,,1-Nov-25,157.3,,,1-Nov-25,297.68,,,1-Nov-25,73.2,,,,,,,,,,,,,,,,,,
1-Oct-25,201.02,,,1-Oct-25,170.43,,,1-Oct-25,308.15,,,1-Oct-25,68.79,,,,,,,,,,,,,,,,,,
1-Sep-25,215.83,,,1-Sep-25,178.73,,,1-Sep-25,299.67,,,1-Sep-25,60.55,,,,,,,,,,,,,,,,,,
1-Aug-25,234.68,,,1-Aug-25,135,,,1-Aug-25,274.15,,,1-Aug-25,58.18,,,,,,,,,,,,,,,,,,
1-Jul-25,221.84,,,1-Jul-25,120.63,,,1-Jul-25,269.65,,,1-Jul-25,52.97,,,,,,,,,,,,,,,,,,
1-Jun-25,209.53,,,1-Jun-25,111.53,,,1-Jun-25,256.03,,,1-Jun-25,48.71,,,,,,,,,,,,,,,,,,
,,,,,,,,,,,,,,,,,,,,,,,,,,,,,,,
,,,,,,,,,,,,,,,,,,,,,,,,,,,,,,,
,,,,,,,,,,,,,,,,,,,,,,,,,,,,,,,
,,,,,,,,,,,,,,,,,,,,,,,,,,,,,,,
